<annotation>
	<folder>test</folder>
	<filename>file-flvS8wPDcg.png</filename>
	<path>D:\invoice_tag\images\test\file-flvS8wPDcg.png</path>
	<source>
		<database>Unknown</database>
	</source>
	<size>
		<width>600</width>
		<height>800</height>
		<depth>3</depth>
	</size>
	<segmented>0</segmented>
	<object>
		<name>company_detail</name>
		<pose>Unspecified</pose>
		<truncated>0</truncated>
		<difficult>0</difficult>
		<bndbox>
			<xmin>18</xmin>
			<ymin>64</ymin>
			<xmax>332</xmax>
			<ymax>137</ymax>
		</bndbox>
	</object>
	<object>
		<name>company_detail</name>
		<pose>Unspecified</pose>
		<truncated>0</truncated>
		<difficult>0</difficult>
		<bndbox>
			<xmin>15</xmin>
			<ymin>140</ymin>
			<xmax>116</xmax>
			<ymax>248</ymax>
		</bndbox>
	</object>
	<object>
		<name>company_detail</name>
		<pose>Unspecified</pose>
		<truncated>0</truncated>
		<difficult>0</difficult>
		<bndbox>
			<xmin>437</xmin>
			<ymin>87</ymin>
			<xmax>585</xmax>
			<ymax>246</ymax>
		</bndbox>
	</object>
	<object>
		<name>customer_detail</name>
		<pose>Unspecified</pose>
		<truncated>0</truncated>
		<difficult>0</difficult>
		<bndbox>
			<xmin>13</xmin>
			<ymin>335</ymin>
			<xmax>143</xmax>
			<ymax>502</ymax>
		</bndbox>
	</object>
	<object>
		<name>invoice_detail</name>
		<pose>Unspecified</pose>
		<truncated>0</truncated>
		<difficult>0</difficult>
		<bndbox>
			<xmin>297</xmin>
			<ymin>319</ymin>
			<xmax>520</xmax>
			<ymax>576</ymax>
		</bndbox>
	</object>
	<object>
		<name>table</name>
		<pose>Unspecified</pose>
		<truncated>0</truncated>
		<difficult>0</difficult>
		<bndbox>
			<xmin>16</xmin>
			<ymin>664</ymin>
			<xmax>582</xmax>
			<ymax>771</ymax>
		</bndbox>
	</object>
	<object>
		<name>table_total</name>
		<pose>Unspecified</pose>
		<truncated>1</truncated>
		<difficult>1</difficult>
		<bndbox>
			<xmin>428</xmin>
			<ymin>769</ymin>
			<xmax>591</xmax>
			<ymax>800</ymax>
		</bndbox>
	</object>
</annotation>
