<annotation>
	<folder>images</folder>
	<filename>image-3.jpg</filename>
	<path>D:\invoice_tag\images\image-3.jpg</path>
	<source>
		<database>Unknown</database>
	</source>
	<size>
		<width>600</width>
		<height>800</height>
		<depth>3</depth>
	</size>
	<segmented>0</segmented>
	<object>
		<name>company_detail</name>
		<pose>Unspecified</pose>
		<truncated>0</truncated>
		<difficult>0</difficult>
		<bndbox>
			<xmin>16</xmin>
			<ymin>2</ymin>
			<xmax>277</xmax>
			<ymax>93</ymax>
		</bndbox>
	</object>
	<object>
		<name>company_detail</name>
		<pose>Unspecified</pose>
		<truncated>0</truncated>
		<difficult>0</difficult>
		<bndbox>
			<xmin>9</xmin>
			<ymin>104</ymin>
			<xmax>160</xmax>
			<ymax>169</ymax>
		</bndbox>
	</object>
	<object>
		<name>invoice_detail</name>
		<pose>Unspecified</pose>
		<truncated>0</truncated>
		<difficult>0</difficult>
		<bndbox>
			<xmin>362</xmin>
			<ymin>39</ymin>
			<xmax>540</xmax>
			<ymax>151</ymax>
		</bndbox>
	</object>
	<object>
		<name>top_other</name>
		<pose>Unspecified</pose>
		<truncated>1</truncated>
		<difficult>0</difficult>
		<bndbox>
			<xmin>365</xmin>
			<ymin>1</ymin>
			<xmax>453</xmax>
			<ymax>31</ymax>
		</bndbox>
	</object>
	<object>
		<name>customer_detail</name>
		<pose>Unspecified</pose>
		<truncated>0</truncated>
		<difficult>0</difficult>
		<bndbox>
			<xmin>12</xmin>
			<ymin>194</ymin>
			<xmax>158</xmax>
			<ymax>263</ymax>
		</bndbox>
	</object>
	<object>
		<name>customer_detail</name>
		<pose>Unspecified</pose>
		<truncated>0</truncated>
		<difficult>0</difficult>
		<bndbox>
			<xmin>181</xmin>
			<ymin>192</ymin>
			<xmax>334</xmax>
			<ymax>263</ymax>
		</bndbox>
	</object>
	<object>
		<name>table</name>
		<pose>Unspecified</pose>
		<truncated>0</truncated>
		<difficult>0</difficult>
		<bndbox>
			<xmin>19</xmin>
			<ymin>277</ymin>
			<xmax>590</xmax>
			<ymax>486</ymax>
		</bndbox>
	</object>
	<object>
		<name>table_total</name>
		<pose>Unspecified</pose>
		<truncated>0</truncated>
		<difficult>0</difficult>
		<bndbox>
			<xmin>398</xmin>
			<ymin>490</ymin>
			<xmax>590</xmax>
			<ymax>671</ymax>
		</bndbox>
	</object>
	<object>
		<name>invoice_detail</name>
		<pose>Unspecified</pose>
		<truncated>0</truncated>
		<difficult>1</difficult>
		<bndbox>
			<xmin>13</xmin>
			<ymin>685</ymin>
			<xmax>325</xmax>
			<ymax>737</ymax>
		</bndbox>
	</object>
	<object>
		<name>bottom_other</name>
		<pose>Unspecified</pose>
		<truncated>1</truncated>
		<difficult>0</difficult>
		<bndbox>
			<xmin>12</xmin>
			<ymin>752</ymin>
			<xmax>140</xmax>
			<ymax>800</ymax>
		</bndbox>
	</object>
</annotation>
