<annotation>
	<folder>test</folder>
	<filename>image2.jpg</filename>
	<path>D:\invoice_tag\images\test\image2.jpg</path>
	<source>
		<database>Unknown</database>
	</source>
	<size>
		<width>600</width>
		<height>800</height>
		<depth>3</depth>
	</size>
	<segmented>0</segmented>
	<object>
		<name>company_detail</name>
		<pose>Unspecified</pose>
		<truncated>0</truncated>
		<difficult>0</difficult>
		<bndbox>
			<xmin>6</xmin>
			<ymin>29</ymin>
			<xmax>179</xmax>
			<ymax>80</ymax>
		</bndbox>
	</object>
	<object>
		<name>company_detail</name>
		<pose>Unspecified</pose>
		<truncated>1</truncated>
		<difficult>0</difficult>
		<bndbox>
			<xmin>1</xmin>
			<ymin>92</ymin>
			<xmax>166</xmax>
			<ymax>211</ymax>
		</bndbox>
	</object>
	<object>
		<name>top_other</name>
		<pose>Unspecified</pose>
		<truncated>0</truncated>
		<difficult>0</difficult>
		<bndbox>
			<xmin>439</xmin>
			<ymin>12</ymin>
			<xmax>595</xmax>
			<ymax>79</ymax>
		</bndbox>
	</object>
	<object>
		<name>invoice_detail</name>
		<pose>Unspecified</pose>
		<truncated>0</truncated>
		<difficult>0</difficult>
		<bndbox>
			<xmin>340</xmin>
			<ymin>157</ymin>
			<xmax>593</xmax>
			<ymax>235</ymax>
		</bndbox>
	</object>
	<object>
		<name>invoice_detail</name>
		<pose>Unspecified</pose>
		<truncated>0</truncated>
		<difficult>0</difficult>
		<bndbox>
			<xmin>340</xmin>
			<ymin>260</ymin>
			<xmax>595</xmax>
			<ymax>333</ymax>
		</bndbox>
	</object>
	<object>
		<name>customer_detail</name>
		<pose>Unspecified</pose>
		<truncated>1</truncated>
		<difficult>0</difficult>
		<bndbox>
			<xmin>1</xmin>
			<ymin>262</ymin>
			<xmax>133</xmax>
			<ymax>492</ymax>
		</bndbox>
	</object>
	<object>
		<name>table</name>
		<pose>Unspecified</pose>
		<truncated>0</truncated>
		<difficult>1</difficult>
		<bndbox>
			<xmin>3</xmin>
			<ymin>504</ymin>
			<xmax>595</xmax>
			<ymax>651</ymax>
		</bndbox>
	</object>
</annotation>
