<annotation>
	<folder>test</folder>
	<filename>invoice-sample.png</filename>
	<path>D:\invoice_tag\images\test\invoice-sample.png</path>
	<source>
		<database>Unknown</database>
	</source>
	<size>
		<width>600</width>
		<height>800</height>
		<depth>3</depth>
	</size>
	<segmented>0</segmented>
	<object>
		<name>company_detail</name>
		<pose>Unspecified</pose>
		<truncated>0</truncated>
		<difficult>0</difficult>
		<bndbox>
			<xmin>19</xmin>
			<ymin>36</ymin>
			<xmax>196</xmax>
			<ymax>117</ymax>
		</bndbox>
	</object>
	<object>
		<name>customer_detail</name>
		<pose>Unspecified</pose>
		<truncated>0</truncated>
		<difficult>0</difficult>
		<bndbox>
			<xmin>20</xmin>
			<ymin>137</ymin>
			<xmax>178</xmax>
			<ymax>227</ymax>
		</bndbox>
	</object>
	<object>
		<name>invoice_detail</name>
		<pose>Unspecified</pose>
		<truncated>0</truncated>
		<difficult>0</difficult>
		<bndbox>
			<xmin>397</xmin>
			<ymin>249</ymin>
			<xmax>579</xmax>
			<ymax>358</ymax>
		</bndbox>
	</object>
	<object>
		<name>top_other</name>
		<pose>Unspecified</pose>
		<truncated>0</truncated>
		<difficult>0</difficult>
		<bndbox>
			<xmin>478</xmin>
			<ymin>202</ymin>
			<xmax>572</xmax>
			<ymax>238</ymax>
		</bndbox>
	</object>
	<object>
		<name>table</name>
		<pose>Unspecified</pose>
		<truncated>0</truncated>
		<difficult>0</difficult>
		<bndbox>
			<xmin>28</xmin>
			<ymin>379</ymin>
			<xmax>573</xmax>
			<ymax>524</ymax>
		</bndbox>
	</object>
	<object>
		<name>bottom_other</name>
		<pose>Unspecified</pose>
		<truncated>0</truncated>
		<difficult>0</difficult>
		<bndbox>
			<xmin>29</xmin>
			<ymin>580</ymin>
			<xmax>244</xmax>
			<ymax>621</ymax>
		</bndbox>
	</object>
	<object>
		<name>table_total</name>
		<pose>Unspecified</pose>
		<truncated>0</truncated>
		<difficult>1</difficult>
		<bndbox>
			<xmin>360</xmin>
			<ymin>620</ymin>
			<xmax>575</xmax>
			<ymax>762</ymax>
		</bndbox>
	</object>
</annotation>
