<annotation>
	<folder>test</folder>
	<filename>invoice-hero-full-it.png</filename>
	<path>D:\invoice_tag\images\test\invoice-hero-full-it.png</path>
	<source>
		<database>Unknown</database>
	</source>
	<size>
		<width>600</width>
		<height>800</height>
		<depth>3</depth>
	</size>
	<segmented>0</segmented>
	<object>
		<name>top_other</name>
		<pose>Unspecified</pose>
		<truncated>0</truncated>
		<difficult>0</difficult>
		<bndbox>
			<xmin>25</xmin>
			<ymin>33</ymin>
			<xmax>196</xmax>
			<ymax>89</ymax>
		</bndbox>
	</object>
	<object>
		<name>company_detail</name>
		<pose>Unspecified</pose>
		<truncated>0</truncated>
		<difficult>0</difficult>
		<bndbox>
			<xmin>309</xmin>
			<ymin>27</ymin>
			<xmax>445</xmax>
			<ymax>95</ymax>
		</bndbox>
	</object>
	<object>
		<name>company_detail</name>
		<pose>Unspecified</pose>
		<truncated>0</truncated>
		<difficult>0</difficult>
		<bndbox>
			<xmin>462</xmin>
			<ymin>30</ymin>
			<xmax>576</xmax>
			<ymax>95</ymax>
		</bndbox>
	</object>
	<object>
		<name>customer_detail</name>
		<pose>Unspecified</pose>
		<truncated>0</truncated>
		<difficult>0</difficult>
		<bndbox>
			<xmin>23</xmin>
			<ymin>158</ymin>
			<xmax>146</xmax>
			<ymax>281</ymax>
		</bndbox>
	</object>
	<object>
		<name>invoice_detail</name>
		<pose>Unspecified</pose>
		<truncated>0</truncated>
		<difficult>0</difficult>
		<bndbox>
			<xmin>184</xmin>
			<ymin>156</ymin>
			<xmax>284</xmax>
			<ymax>281</ymax>
		</bndbox>
	</object>
	<object>
		<name>invoice_detail</name>
		<pose>Unspecified</pose>
		<truncated>0</truncated>
		<difficult>0</difficult>
		<bndbox>
			<xmin>427</xmin>
			<ymin>162</ymin>
			<xmax>578</xmax>
			<ymax>238</ymax>
		</bndbox>
	</object>
	<object>
		<name>table</name>
		<pose>Unspecified</pose>
		<truncated>0</truncated>
		<difficult>0</difficult>
		<bndbox>
			<xmin>23</xmin>
			<ymin>317</ymin>
			<xmax>570</xmax>
			<ymax>554</ymax>
		</bndbox>
	</object>
	<object>
		<name>table_total</name>
		<pose>Unspecified</pose>
		<truncated>0</truncated>
		<difficult>0</difficult>
		<bndbox>
			<xmin>341</xmin>
			<ymin>588</ymin>
			<xmax>566</xmax>
			<ymax>726</ymax>
		</bndbox>
	</object>
	<object>
		<name>invoice_detail</name>
		<pose>Unspecified</pose>
		<truncated>0</truncated>
		<difficult>1</difficult>
		<bndbox>
			<xmin>23</xmin>
			<ymin>676</ymin>
			<xmax>203</xmax>
			<ymax>730</ymax>
		</bndbox>
	</object>
</annotation>
