<annotation>
	<folder>test</folder>
	<filename>Simple-invoice.png</filename>
	<path>D:\invoice_tag\images\test\Simple-invoice.png</path>
	<source>
		<database>Unknown</database>
	</source>
	<size>
		<width>600</width>
		<height>800</height>
		<depth>3</depth>
	</size>
	<segmented>0</segmented>
	<object>
		<name>company_detail</name>
		<pose>Unspecified</pose>
		<truncated>0</truncated>
		<difficult>0</difficult>
		<bndbox>
			<xmin>210</xmin>
			<ymin>137</ymin>
			<xmax>396</xmax>
			<ymax>169</ymax>
		</bndbox>
	</object>
	<object>
		<name>invoice_detail</name>
		<pose>Unspecified</pose>
		<truncated>0</truncated>
		<difficult>0</difficult>
		<bndbox>
			<xmin>44</xmin>
			<ymin>192</ymin>
			<xmax>176</xmax>
			<ymax>246</ymax>
		</bndbox>
	</object>
	<object>
		<name>customer_detail</name>
		<pose>Unspecified</pose>
		<truncated>0</truncated>
		<difficult>0</difficult>
		<bndbox>
			<xmin>43</xmin>
			<ymin>246</ymin>
			<xmax>190</xmax>
			<ymax>273</ymax>
		</bndbox>
	</object>
	<object>
		<name>company_detail</name>
		<pose>Unspecified</pose>
		<truncated>0</truncated>
		<difficult>0</difficult>
		<bndbox>
			<xmin>437</xmin>
			<ymin>186</ymin>
			<xmax>565</xmax>
			<ymax>261</ymax>
		</bndbox>
	</object>
	<object>
		<name>top_other</name>
		<pose>Unspecified</pose>
		<truncated>0</truncated>
		<difficult>0</difficult>
		<bndbox>
			<xmin>269</xmin>
			<ymin>176</ymin>
			<xmax>338</xmax>
			<ymax>200</ymax>
		</bndbox>
	</object>
	<object>
		<name>table</name>
		<pose>Unspecified</pose>
		<truncated>0</truncated>
		<difficult>0</difficult>
		<bndbox>
			<xmin>39</xmin>
			<ymin>298</ymin>
			<xmax>571</xmax>
			<ymax>358</ymax>
		</bndbox>
	</object>
	<object>
		<name>table_total</name>
		<pose>Unspecified</pose>
		<truncated>0</truncated>
		<difficult>0</difficult>
		<bndbox>
			<xmin>350</xmin>
			<ymin>376</ymin>
			<xmax>560</xmax>
			<ymax>446</ymax>
		</bndbox>
	</object>
	<object>
		<name>invoice_detail</name>
		<pose>Unspecified</pose>
		<truncated>0</truncated>
		<difficult>0</difficult>
		<bndbox>
			<xmin>307</xmin>
			<ymin>451</ymin>
			<xmax>558</xmax>
			<ymax>479</ymax>
		</bndbox>
	</object>
	<object>
		<name>bottom_other</name>
		<pose>Unspecified</pose>
		<truncated>0</truncated>
		<difficult>1</difficult>
		<bndbox>
			<xmin>171</xmin>
			<ymin>449</ymin>
			<xmax>294</xmax>
			<ymax>500</ymax>
		</bndbox>
	</object>
	<object>
		<name>bottom_other</name>
		<pose>Unspecified</pose>
		<truncated>0</truncated>
		<difficult>1</difficult>
		<bndbox>
			<xmin>47</xmin>
			<ymin>362</ymin>
			<xmax>335</xmax>
			<ymax>424</ymax>
		</bndbox>
	</object>
</annotation>
