<annotation>
	<folder>test</folder>
	<filename>step-3.png</filename>
	<path>D:\invoice_tag\images\test\step-3.png</path>
	<source>
		<database>Unknown</database>
	</source>
	<size>
		<width>600</width>
		<height>800</height>
		<depth>3</depth>
	</size>
	<segmented>0</segmented>
	<object>
		<name>top_other</name>
		<pose>Unspecified</pose>
		<truncated>0</truncated>
		<difficult>0</difficult>
		<bndbox>
			<xmin>434</xmin>
			<ymin>82</ymin>
			<xmax>543</xmax>
			<ymax>121</ymax>
		</bndbox>
	</object>
	<object>
		<name>invoice_detail</name>
		<pose>Unspecified</pose>
		<truncated>0</truncated>
		<difficult>0</difficult>
		<bndbox>
			<xmin>301</xmin>
			<ymin>136</ymin>
			<xmax>533</xmax>
			<ymax>261</ymax>
		</bndbox>
	</object>
	<object>
		<name>company_detail</name>
		<pose>Unspecified</pose>
		<truncated>0</truncated>
		<difficult>0</difficult>
		<bndbox>
			<xmin>43</xmin>
			<ymin>140</ymin>
			<xmax>198</xmax>
			<ymax>299</ymax>
		</bndbox>
	</object>
	<object>
		<name>customer_detail</name>
		<pose>Unspecified</pose>
		<truncated>0</truncated>
		<difficult>0</difficult>
		<bndbox>
			<xmin>41</xmin>
			<ymin>323</ymin>
			<xmax>193</xmax>
			<ymax>394</ymax>
		</bndbox>
	</object>
	<object>
		<name>company_detail</name>
		<pose>Unspecified</pose>
		<truncated>0</truncated>
		<difficult>0</difficult>
		<bndbox>
			<xmin>56</xmin>
			<ymin>76</ymin>
			<xmax>179</xmax>
			<ymax>125</ymax>
		</bndbox>
	</object>
	<object>
		<name>table</name>
		<pose>Unspecified</pose>
		<truncated>0</truncated>
		<difficult>0</difficult>
		<bndbox>
			<xmin>46</xmin>
			<ymin>410</ymin>
			<xmax>558</xmax>
			<ymax>506</ymax>
		</bndbox>
	</object>
	<object>
		<name>table_total</name>
		<pose>Unspecified</pose>
		<truncated>0</truncated>
		<difficult>0</difficult>
		<bndbox>
			<xmin>271</xmin>
			<ymin>512</ymin>
			<xmax>551</xmax>
			<ymax>606</ymax>
		</bndbox>
	</object>
	<object>
		<name>bottom_other</name>
		<pose>Unspecified</pose>
		<truncated>0</truncated>
		<difficult>0</difficult>
		<bndbox>
			<xmin>47</xmin>
			<ymin>515</ymin>
			<xmax>226</xmax>
			<ymax>564</ymax>
		</bndbox>
	</object>
	<object>
		<name>bottom_other</name>
		<pose>Unspecified</pose>
		<truncated>0</truncated>
		<difficult>0</difficult>
		<bndbox>
			<xmin>35</xmin>
			<ymin>645</ymin>
			<xmax>263</xmax>
			<ymax>693</ymax>
		</bndbox>
	</object>
	<object>
		<name>bottom_other</name>
		<pose>Unspecified</pose>
		<truncated>0</truncated>
		<difficult>1</difficult>
		<bndbox>
			<xmin>169</xmin>
			<ymin>730</ymin>
			<xmax>431</xmax>
			<ymax>757</ymax>
		</bndbox>
	</object>
</annotation>
