<annotation verified="yes">
	<folder>images</folder>
	<filename>TAX_INVOICE_IN00012_ClearTax-11-1024x1012.jpg</filename>
	<path>D:\invoice_tag\images\TAX_INVOICE_IN00012_ClearTax-11-1024x1012.jpg</path>
	<source>
		<database>Unknown</database>
	</source>
	<size>
		<width>600</width>
		<height>800</height>
		<depth>3</depth>
	</size>
	<segmented>0</segmented>
	<object>
		<name>company_detail</name>
		<pose>Unspecified</pose>
		<truncated>0</truncated>
		<difficult>0</difficult>
		<bndbox>
			<xmin>78</xmin>
			<ymin>15</ymin>
			<xmax>250</xmax>
			<ymax>86</ymax>
		</bndbox>
	</object>
	<object>
		<name>invoice_detail</name>
		<pose>Unspecified</pose>
		<truncated>0</truncated>
		<difficult>0</difficult>
		<bndbox>
			<xmin>456</xmin>
			<ymin>15</ymin>
			<xmax>591</xmax>
			<ymax>83</ymax>
		</bndbox>
	</object>
	<object>
		<name>customer_detail</name>
		<pose>Unspecified</pose>
		<truncated>0</truncated>
		<difficult>0</difficult>
		<bndbox>
			<xmin>20</xmin>
			<ymin>106</ymin>
			<xmax>114</xmax>
			<ymax>193</ymax>
		</bndbox>
	</object>
	<object>
		<name>customer_detail</name>
		<pose>Unspecified</pose>
		<truncated>0</truncated>
		<difficult>0</difficult>
		<bndbox>
			<xmin>234</xmin>
			<ymin>113</ymin>
			<xmax>350</xmax>
			<ymax>189</ymax>
		</bndbox>
	</object>
	<object>
		<name>customer_detail</name>
		<pose>Unspecified</pose>
		<truncated>0</truncated>
		<difficult>0</difficult>
		<bndbox>
			<xmin>448</xmin>
			<ymin>114</ymin>
			<xmax>576</xmax>
			<ymax>189</ymax>
		</bndbox>
	</object>
	<object>
		<name>top_other</name>
		<pose>Unspecified</pose>
		<truncated>0</truncated>
		<difficult>0</difficult>
		<bndbox>
			<xmin>263</xmin>
			<ymin>92</ymin>
			<xmax>335</xmax>
			<ymax>114</ymax>
		</bndbox>
	</object>
	<object>
		<name>invoice_detail</name>
		<pose>Unspecified</pose>
		<truncated>0</truncated>
		<difficult>0</difficult>
		<bndbox>
			<xmin>22</xmin>
			<ymin>202</ymin>
			<xmax>131</xmax>
			<ymax>240</ymax>
		</bndbox>
	</object>
	<object>
		<name>invoice_detail</name>
		<pose>Unspecified</pose>
		<truncated>0</truncated>
		<difficult>0</difficult>
		<bndbox>
			<xmin>243</xmin>
			<ymin>205</ymin>
			<xmax>389</xmax>
			<ymax>245</ymax>
		</bndbox>
	</object>
	<object>
		<name>invoice_detail</name>
		<pose>Unspecified</pose>
		<truncated>0</truncated>
		<difficult>0</difficult>
		<bndbox>
			<xmin>450</xmin>
			<ymin>205</ymin>
			<xmax>553</xmax>
			<ymax>244</ymax>
		</bndbox>
	</object>
	<object>
		<name>table</name>
		<pose>Unspecified</pose>
		<truncated>0</truncated>
		<difficult>0</difficult>
		<bndbox>
			<xmin>27</xmin>
			<ymin>255</ymin>
			<xmax>575</xmax>
			<ymax>492</ymax>
		</bndbox>
	</object>
	<object>
		<name>table_total</name>
		<pose>Unspecified</pose>
		<truncated>0</truncated>
		<difficult>0</difficult>
		<bndbox>
			<xmin>294</xmin>
			<ymin>494</ymin>
			<xmax>579</xmax>
			<ymax>593</ymax>
		</bndbox>
	</object>
	<object>
		<name>invoice_detail</name>
		<pose>Unspecified</pose>
		<truncated>0</truncated>
		<difficult>0</difficult>
		<bndbox>
			<xmin>437</xmin>
			<ymin>640</ymin>
			<xmax>591</xmax>
			<ymax>717</ymax>
		</bndbox>
	</object>
	<object>
		<name>bottom_other</name>
		<pose>Unspecified</pose>
		<truncated>0</truncated>
		<difficult>1</difficult>
		<bndbox>
			<xmin>143</xmin>
			<ymin>746</ymin>
			<xmax>452</xmax>
			<ymax>767</ymax>
		</bndbox>
	</object>
</annotation>
